network_code,network_name,network_description,explorer,protocol,native_asset_code,chain_id,network_class,network_category
0g-aristotle,0G Aristotle,A modular Layer 1 blockchain and the first decentralized AI operating system. designed to provide infinitely scalable data availability and storage for high-performance on-chain AI.,https://chainscan-galileo.0g.ai/,EVM,0g,16661,L1,blockchain
abstract,Abstract,"A highly anticipated 2026 consumer-focused blockchain that leverages the ZK-Stack to provide a seamless ""invisible"" user experience by abstracting away the complexities of gas fees and bridging.",https://abscan.org/,EVM,eth,2741,L2,blockchain
acala,Acala,Acala is a decentralized finance network and liquidity hub built on Polkadot that provides a suite of financial applications including a multi collateralized stablecoin and a trustless exchange.,https://blockscout.acala.network,EVM,aca,787,"L1, Appchain, Parachain",blockchain
aevo,Aevo,A high-performance decentralized derivatives exchange operating on a custom Layer 2 rollup that recently executed a massive supply burn to pivot toward a deflationary staking model.,https://explorer.aevo.xyz,EVM,eth,2999,L2,blockchain
akash,Akash,A decentralized peer-to-peer cloud computing marketplace that allows users to lease or provide underutilized GPU and CPU power. primarily catering to the growing demand for AI training and inference.,https://www.mintscan.io/akash,COSMOS,akash,akashnet-2,L1,blockchain
aleo,Aleo,Aleo is a decentralized blockchain platform that uses zero-knowledge proofs to provide a private and scalable environment for building applications. It enables developers to create decentralized services that protect user privacy while maintaining the security of a public ledger.,https://explorer.aleo.org/,UTXO,aleo,0 for mainnet and 1 for testnet,L1,blockchain
aleph-zero,Aleph Zero,"This Layer 2 ""Optimium"" on Ethereum provides a privacy-enhancing execution environment that combines the speed of the Aleph Zero ecosystem with seamless compatibility for standard Ethereum developer tools.",https://evm-explorer.alephzero.org,EVM,azero,41455,L1,blockchain
algorand,Algorand,carbon-negative. Pure Proof-of-Stake (PPoS) blockchain known for its instant transaction finality. high security. and recent push toward a fully decentralized peer-to-peer networking architecture.,https://explorer.perawallet.app,ALGO,algo,wGHE2Pwdvd7S12BL5FaOP20EGYesN73k,L1,blockchain
alpen,Alpen,Alpen is a Bitcoin Layer 2 network that uses zero knowledge rollups to provide a programmable and scalable financial ecosystem. It enables EVM compatible smart contracts and decentralized applications such as lending or stablecoins while inheriting Bitcoins security. Through its unique bridge architecture and proof verification the platform allows for trust minimized transactions without the need for wrapped tokens.,https://github.com/alpenlabs/alpen,EVM,sbtc,,L2,blockchain
altair,Altair,Altair serves as a canary network for Centrifuge on Kusama designed to test and bridge real-world assets into the decentralized finance ecosystem. It allows users to tokenize assets and use them as collateral to access liquidity within a high speed and experimental environment.,https://polkadot.js.org/apps/?rpc=wss%3A%2F%2Ffullnode.altair.centrifuge.io#/explorer,Substrate,air,2088,PARACHAIN,blockchain
andromeda,Andromeda,Andromeda is an all in one blockchain operating system designed to simplify the development and deployment of decentralized applications. It features a decentralized operating system called aOS which provides a simplified user experience for building and interacting with complex on chain projects.,https://explorer.testnet.andromedaprotocol.io/galileo-4/accoun,Cosmos,andr,1088,L1,blockchain
apechain,ApeChain,A specialized Layer 3 blockchain built on Arbitrum Orbit that serves as the dedicated infrastructure for the ApeCoin ecosystem by using $APE as its native gas token.,https://apescan.io,EVM,ape,33139,L3,blockchain
apex-fusion-nexus,Apex Fusion Nexus,An EVM-compatible Layer 2 execution environment within the Apex Fusion tri-chain ecosystem. designed to bridge the gap between UTXO-based chains like Cardano and the Ethereum-based DeFi landscape.,https://nexus.apexscan.org,EVM,ap3x,9069,L2,blockchain
aptos,Aptos,Aptos is a Layer 1 blockchain designed for scalability and safety using the Move programming language. It focuses on high throughput and low latency to support mainstream decentralized application adoption.,https://explorer.aptoslabs.com,Move,apt,1,L1,blockchain
arbitrum-nova,Arbitrum Nova,Arbitrum Nova is a Layer 2 scaling solution built using AnyTrust technology to provide low cost and high throughput transactions for social applications and gaming. It utilizes a Data Availability Committee to reduce fees while maintaining Ethereum security through optimistic rollups.,https://nova.arbiscan.io/,EVM,eth,42170,L2,blockchain
arbitrum-one,Arbitrum One,"The leading Ethereum Layer 2 by total value locked that has recently deployed ""Stylus"" to allow developers to write smart contracts in efficient languages like Rust and C++.",https://arbiscan.io,EVM,eth,,L2,blockchain
arbitrum-orbit-chain,Arbitrum Orbit Chain,Arbitrum Orbit is a permissionless framework for launching customizable Layer 2 or Layer 3 blockchains using the Nitro tech stack. It allows developers to tailor chain components like gas tokens and governance while benefiting from Ethereum security and high throughput.,https://arbiscan.io/,EVM,arb,,"L2, L3",blockchain
arc,Arc,Arc is a high performance modular blockchain designed to support decentralized artificial intelligence through scalable data availability and storage solutions.,https://testnet.arcscan.app,EVM,usdc,5042002,L1,blockchain
arweave,Arweave,Arweave is a decentralized storage network that provides permanent data hosting through a blockweave structure and proof of access consensus. It enables users to store information indefinitely with a one-time fee to ensure long-term data preservation.,https://viewblock.io/arweave,UTXO,ar,,L1,blockchain
asset-hub,Polkadot Asset Hub,Polkadot Asset Hub serves as the central system parachain for issuing and managing native assets and NFTs across the entire Polkadot multichain ecosystem.,https://assethub-polkadot.subscan.io/,POL,pol,420420419,PARACHAIN,blockchain
astar,Astar,A versatile network within the Polkadot ecosystem that supports both Ethereum Virtual Machine (EVM) and WebAssembly (WASM) smart contracts to facilitate a multi-chain future.,https://astar.blockscout.com,EVM,astr,592,"L1, L2, Parachain",blockchain
aurora-dev,Aurora.dev,An Ethereum Virtual Machine (EVM) created by the NEAR Protocol team that allows developers to run their Ethereum applications on a high-throughput and scalable platform with low transaction costs.,https://explorer.mainnet.aurora.dev,EVM,aurora,1313161554,L2,blockchain
avalanche,Avalanche,The default smart contract instance on the Avalanche network that enables the seamless deployment of Ethereum-compatible decentralized applications with near-instant transaction finality.,https://cchain.explorer.avax.network,EVM,avax,43114,L1,blockchain
avalanche-p-chain,Avalanche P-Chain,The P-Chain is the metadata blockchain on Avalanche that coordinates validators and tracks active subnets. It manages the staking process and enables the creation of new subnets and blockchains within the ecosystem.,https://avascan.info/blockchain/p-chain,UTXO,avax,11111111111111111111111111111111LpoYY,L1,blockchain
avalanche-x-chain,Avalanche X Chain,Avalanche X Chain is the Exchange Chain of the Avalanche network designed for creating and trading digital assets with high throughput and fast finality. It uses the Avalanche consensus protocol to ensure secure and efficient transactions across the ecosystem.,https://avascan.info/blockchain/x/blocks,UTXO,avax,43116,L1,blockchain
aventus,Aventus,Aventus is an enterprise grade Layer 2 blockchain built on Polkadot that focuses on scalability and interoperability. It provides businesses with a secure environment to build and scale decentralized applications while maintaining high transaction speeds and low costs.,https://aventusexplorer.io/,EVM,avt,,"L2, Parachain",blockchain
axelar,Axelar,A decentralized interoperability network that connects different blockchain ecosystems to allow for secure cross-chain communication and asset transfers through a single universal protocol.,https://axelarscan.io/account,COSMOS,axl,,L1,blockchain
b3,B3,B3 is a gaming focused Layer 2 blockchain built on Base that utilizes the OP Stack to provide a seamless and horizontal scaling solution for developers and gamers. The network aims to simplify the onboarding process by eliminating the need for manual bridging or network switching.,https://explorer.b3.fun,EVM,b3,8333,L3,blockchain
babylon,Babylon,A revolutionary security protocol that allows Bitcoin holders to stake their native $BTC to provide economic security for Proof-of-Stake blockchains without ever moving their assets off the Bitcoin network.,https://babylon.explorers.guru/account,COSMOS,baby,bbn-1,L1,blockchain
base,Base,"An Ethereum Layer 2 incubated by Coinbase that is spending 2026 focusing on ""customer-centric"" infrastructure to onboard millions of retail users through seamless smart wallet integrations.",https://basescan.org,EVM,eth,8453,L2,blockchain
basilisk,Basilisk,Basilisk is a liquidity protocol and parachain built on the Kusama network that aims to enable friction-less asset bootstrapping. It functions as a modular decentralized exchange designed to provide liquid markets for nascent crypto projects through automated market making and auction mechanisms.,https://basilisk.subscan.io/,Substrate,bsx,,Parachain,blockchain
berachain,Berachain,"An innovative Layer 1 blockchain built on the Cosmos SDK that utilizes a ""Proof-of-Liquidity"" consensus mechanism and a tri-token system to align validator incentives with ecosystem liquidity.",https://berascan.com,EVM,bera,80094,L1,blockchain
bifrost,Bifrost,Bifrost Network is a modular Layer 1 public blockchain built on the Substrate framework and fully compatible with the Ethereum Virtual Machine. It operates as a cross chain infrastructure platform designed to solve fragmentation and interoperability challenges across Web3 ecosystems through its unique Cross Chain Communication Protocol. The network enables seamless interaction between diverse blockchains including EVM compatible chains and the Bitcoin network while providing high performance speeds and low transaction costs. By serving as a decentralized middleware and financial hub Bifrost empowers developers to build multichain applications that leverage liquidity and assets from multiple networks simultaneously.,https://explorer.mainnet.bifrostnetwork.com,EVM,bnc,3068,L1,blockchain
binance-beacon-chain,Binance Beacon Chain,Binance Beacon Chain is a high performance blockchain that serves as the staking and governance layer for the Binance ecosystem. It facilitates fast peer to peer trading through a decentralized exchange while supporting secure asset issuance and management.,https://explorer.bnbchain.org/,Cosmos,bnb,Binance-Chain-Tigris,L1,blockchain
binance-smart-chain,Binance Smart Chain,A high-throughput smart contract platform that has recently moved toward a dual-client strategy to achieve 20000 transactions per second and sub-second finality while maintaining full Ethereum compatibility.,https://bscscan.com,EVM,bnb,56,L1,blockchain
bitcoin,Bitcoin,The world’s premier decentralized store of value which has recently seen a surge in utility through the Runes protocol and institutional treasury adoption.,https://mempool.space,UTXO,btc,bip122:000000000019d6689c085ae165831e93-p2wpkh,L1,blockchain
bitcoin-cash,Bitcoin Cash,"A peer-to-peer electronic cash system that is undergoing a major 2026 upgrade to ""CashVM"" which re-enables full smart contract functionality and reduces block times to two minutes.",https://blockchair.com/bitcoin-cash,UTXO,bch,10000,L1,blockchain
bitcoin-cash-abc,Bitcoin Cash ABC,Now rebranded and primarily known as eCash ($XEC) this chain focuses on being a high-speed transactional currency that incorporates a Proof-of-Stake consensus layer called Avalanche for instant finality.,,UTXO,bcha,,L1,blockchain
bitcoin-sv,Bitcoin SV,"An enterprise-focused blockchain currently deploying ""Teranode"" architecture to support over one million transactions per second for the emerging AI agentic economy.",https://whatsonchain.com,UTXO,bsv,,L1,blockchain
bitlayer,Bitlayer,Bitlayer is a Bitcoin Layer 2 scaling solution that utilizes the BitVM paradigm to enable Ethereum-like programmability and smart contract functionality on the Bitcoin network. It employs a hybrid rollup architecture with zero-knowledge and optimistic proofs to achieve high throughput and low fees while inheriting the underlying security of Bitcoin.,https://www.btrscan.com,EVM,btr,200901,L2,blockchain
bittensor,Bittensor,A decentralized machine learning network that uses a blockchain based protocol to facilitate a distributed marketplace for artificial intelligence. It enables miners to contribute computational power and machine learning models while being rewarded in TAO tokens for their performance and accuracy.,https://taostats.io/,Substrate,tao,964,L1,blockchain
blast,BLAST,"An optimistic rollup that differentiates itself by providing native yield on bridged ETH and stablecoins and is currently rolling out its ""Phase 2"" full-stack mobile ecosystem.",https://blastscan.io,EVM,eth,81457,L2,blockchain
bob,Bob,"Short for ""Build on Bitcoin"" this hybrid Layer 2 connects the liquidity of Bitcoin with the programmability of Ethereum through the recent activation of BitVM-based finality.",https://www.oklink.com/bob,EVM,eth,60808,L3,blockchain
botanix,Botanix,"An Ethereum-equivalent Layer 2 built on top of Bitcoin that uses a unique ""Spiderchain"" multi-sig network to bring DeFi and smart contracts to the native $BTC ecosystem.",https://botanixscan.io/,EVM,btc,3637,L2,blockchain
built-on-bitcoin,Built on Bitcoin,Built on Bitcoin is a blockchain network that leverages the security and infrastructure of the Bitcoin ecosystem to enable decentralized applications and smart contract functionality.,https://mempool.space/,EVM,bob,60808,L1,blockchain
bytom,Bytom,Bytom is an open source blockchain platform designed to bridge the digital and physical worlds by facilitating the registration and exchange of diverse assets. It utilizes a proof of work consensus mechanism and a three layer architecture to enable secure asset management and interoperability across different networks.,https://blockmeta.com/bytom/,PoS,btm,188,L1,blockchain
camino,Camino,A specialized Layer 1 blockchain tailored for the global travel industry that tokenizes real-world travel assets and recently completed a major flight-tracking proof of concept.,https://suite.camino.network/explorer,EVM,cam,500,L1,blockchain
canto,Canto,"A permissionless general-purpose blockchain designed to support ""Free Public Infrastructure"" by providing built-in decentralized exchanges and lending markets without protocol fees.",https://atomscan.com/canto,EVM,canto,7700,L1,blockchain
canton,Canton,An institutional-grade interoperability network that connects regulated financial systems and is currently being used by the DTCC to tokenize U.S. Treasuries in 2026.,https://ccview.io/party,CANTON,cc,16661,L1,blockchain
cardano,Cardano,A research-driven. third-generation Proof-of-Stake (PoS) blockchain that prioritizes security and sustainability through its unique dual-layer architecture and formal verification methods.,https://cardanoscan.io,CARDANO,ada,cip34:1-764824328,L1,blockchain
celestia,Celestia,Celestia operates as the industry-standard modular data availability network that allows other blockchains to scale by offloading their transaction data storage requirements.,https://celestia.explorers.guru/account,COSMOS,tia,celestia,L1,blockchain
celo,Celo,A mobile-first blockchain that has successfully transitioned into an Ethereum Layer 2 to leverage the OP Stack while maintaining its mission of global financial inclusion.,https://explorer.celo.org/null,EVM,celo,42220,L2,blockchain
central-banks,Central Banks,"Central Banks are regulated government bodies that handlle issuance of Fiat currencies like USD, EUR, SGD.",,FIAT,,,L0,legacy
stock-exchange,Stock Exchange,Stock exchange like Nasdaq that trade and manage these equities. ,,DTCC,,,L0,legacy
centrifuge,Centrifuge,A leading real-world asset (RWA) platform that provides the infrastructure for on-chain asset management and recently saw a massive liquidity influx following its 2026 Upbit listing.,https://centrifuge.stg.subscan.io/account,EVM,cfg,2031,L1,blockchain
chiliz,Chiliz,"The foundational blockchain for the ""SportFi"" ecosystem which is currently executing a 2026 World Cup roadmap featuring omnichain fan tokens and a $CHZ buyback program.",https://scan.chiliz.com,EVM,chz,,L1,blockchain
chiliz-legacy-chain,Chiliz Legacy Chain,The original blockchain for Chiliz that facilitates fan engagement and rewards through Fan Tokens for sports and entertainment organizations.,https://chiliscan.com,PoA,chz,128,L1,blockchain
citrea,Citrea,Citrea is the first Zero-Knowledge (ZK) rollup built on Bitcoin and designed to scale the network and enable smart contracts (EVM compatibility) without changing Bitcoin consensus rules. ,https://explorer.mainnet.citrea.xyz,EVM,citrea,"4114 (Mainnet), 5115 (Testnet), 62298 (Devnet)",L2,blockchain
codex,Codex,A decentralized data storage engine within the Nimbus ecosystem designed to provide censorship-resistant and durable storage specifically for high-volume blockchain applications.,https://explorer.codex.xyz,EVM,eth,81224,L2,blockchain
concordium,Concordium,Concordium is the Layer-1 blockchain built for a new era of digital trust. With mandatory privacy-preserving identity verification built into its consensus layer by utilizing zero-knowledge proof technology. Concordium also enables Protocol-level tokens that eliminate smart contract risks by being issued directly at the consensus layer and with built-in features that provide the infrastructure for compliance-ready use cases.,https://ccdscan.io/,WASM,ccd,,L1,blockchain
core-dao,Core DAO,"A Turing-complete Layer 1 blockchain that utilizes the ""Satoshi Plus"" consensus mechanism to combine Bitcoin’s mining hash rate with the Ethereum Virtual Machine for enhanced security and scalability.",https://scan.coredao.org,EVM,core,1116,L1,blockchain
corn,Corn,Corn is an Ethereum Layer 2 network that integrates Bitcoin into its ecosystem through the use of BTCN as gas. It utilizes a unique Crop Circle mechanism to align incentives between users dApps and token holders while enhancing the utility of both Bitcoin and Ethereum assets.,https://testnet.cornscan.io,EVM,corn,21000000,L2,blockchain
cosmos-hub,Cosmos Hub,he central service provider and economic heart of the Cosmos network that enables independent blockchains to communicate and exchange assets through the Inter-Blockchain Communication (IBC) protocol.,https://www.mintscan.io/cosmos/account,COSMOS,atom,,L1,blockchain
cronos,Cronos,"The leading EVM-compatible chain for the Crypto.com ecosystem which has recently upgraded to ""BlockSTM"" technology to support up to 60000 transactions per second for high-speed DeFi and retail payments.",https://explorer.cronos.org,EVM,cro,25,L1,blockchain
crust-shadow,Crust Shadow,Crust Shadow is a decentralized storage network built on the Polkadot Substrate framework that operates as a Kusama parachain. It implements an incentive layer for storage protocols like IPFS to provide secure and scalable cloud solutions for the Web3 ecosystem. The native CSM token facilitates transaction fees and resource purchases while supporting on-chain governance and network value.,https://ethplorer.io/address/0x2620638eda99f9e7e902ea24a285456ee9438861,EVM,csm,16661,Parachain,blockchain
dash,Dash,"A veteran privacy-centric payments network that is currently integrating Zcashs ""Orchard"" shielded pool technology into its 2026 Evolution platform upgrade to offer compliant anonymity features.",https://blockchair.com/dash,UTXO,dash,,L1,blockchain
digibyte,DigiByte,DigiByte is an open-source UTXO blockchain launched in 2014 as a Bitcoin fork focused on speed and security. It utilizes a unique three-layer architecture and five distinct mining algorithms to enhance decentralization and prevent network attacks. The platform supports smart contracts and digital assets while maintaining fast 15-second block times and minimal transaction fees. A community-driven project with no central authority it features a fixed supply of 21 billion tokens to be fully mined by 2035.,https://digiexplorer.info/,UTXO,dgb,,L1,blockchain
dogecoin,Dogecoin,The worlds most recognizable meme-based cryptocurrency which maintains a robust share of the proof-of-work market and continues to evolve through community-driven scaling proposals.,https://blockchair.com/null,UTXO,doge,2000,L1,blockchain
dydx,DYDX,A high-performance application-specific blockchain built on the Cosmos SDK that has captured nearly 40% of the decentralized perpetuals market by offering gas-free trading and professional-grade order books.,https://www.mintscan.io/dydx,COSMOS,dydx,dydx-mainnet-1,L1,blockchain
dymension,Dymension,Dymension is a modular blockchain network designed to power RollApps through its hub and spoke architecture. It facilitates the deployment of easily scalable app-specific blockchains by utilizing a standardized settlement layer.,https://dym.fyi,COSMOS,dym,1100,L1,blockchain
ecash,eCash,eCash utilizes a unique hybrid consensus model combining proof of work with Avalanche technology to deliver instant transaction finality for a peer-to-peer electronic cash system.,https://explorer.e.cash,UTXO,xec,,L1,blockchain
edgex,EdgeX,EdgeX is a high performance decentralized exchange infrastructure built on a modular Layer 2 blockchain to provide secure and scalable trading solutions.,https://pro.edgex.exchange,EVM,edge,3343,L2,blockchain
elastos,Elastos,Elastos is a blockchain-powered internet version. Its recent breakthrough is the introduction of BeL2. a Layer 2 solution leveraging SmartWeb technology to revolutionize Bitcoin transactions. Elastos is using SmartWeb technology to build the Bitcoin second-layer network BeL2 which extends the efficiency and scalability of the Bitcoin network through smart contracts. This endeavor will enable Bitcoin to power a smart economy and effectively release the liquidity of hundreds of billions of dollars in staked Bitcoin assets.,https://ela.elastos.io/,EVM,ela,20,L1,blockchain
energy-web,Energy Web,Energy Web is a global nonprofit organization using open source decentralized technologies to accelerate the energy transition. Its blockchain platform enables market participants to deploy decentralized applications that coordinate energy assets and improve grid flexibility.,https://explorer.energyweb.org/,EVM,ewt,246,L1,blockchain
eos-io,EOS.IO,"A high-throughput smart contract platform known for its Delegated Proof-of-Stake (DPoS) model and feeless transaction structure that recently rebranded its core protocol to ""Antelope"" to emphasize community independence.",https://eosauthority.com/?network=eos/account/eosio,EOS,eos,aca376f206b8fc25a6ed44dbdc66547c36c6c33e3a119ffbeaef943642f0e906,L1,blockchain
ethereal,Ethereal,Ethereal is the primary execution environment for Ethereum as it executes its 2026 roadmap focused on real-time ZK-proof verification and massive rollup data capacity.,https://explorer.ethereal.trade,EVM,usde,5064014,L1,blockchain
ethereum,Ethereum,"The worlds largest programmable blockchain currently undergoing the ""Glamsterdam"" upgrade to implement parallel processing and enshrined proposer-builder separation for better scaling.",https://etherscan.io,EVM,eth,1,L2,blockchain
ethereum-classic,Ethereum Classic,"The original immutable version of the Ethereum blockchain that adheres to the ""Code is Law"" philosophy and remains a top choice for Proof-of-Work miners seeking a programmable smart contract layer.",https://etc.blockscout.com,ETC,etc,61,L1,blockchain
ethereum-pow,Ethereum PoW,Ethereum PoW persists as a niche proof-of-work fork following the original Merge that maintains a dedicated mining community and legacy application support.,https://www.oklink.com/hk/ethw,EVM,ethw,10001,L1,blockchain
etherlink,Etherlink,Etherlink operates as a non-custodial Layer 2 solution powered by Tezos smart rollups that recently achieved sub-50ms transaction confirmations for real-time decentralized applications.,https://explorer.etherlink.com,EVM,xtz,42793,L2,blockchain
evmos,Evmos,Evmos functions as a high-throughput Cosmos SDK blockchain that provides full EVM compatibility to allow Ethereum developers to access the Inter-Blockchain Communication protocol.,https://escan.live,EVM,evmos,9001,L1,blockchain
fantom,Fantom,Fantom has largely migrated its core ecosystem to the new Sonic network technology to achieve significantly higher transaction speeds and improved storage efficiency for DeFi users.,https://ftmscan.com/null,EVM,ftm,250,L1,blockchain
fastex-bahamut,Fastex Bahamut,Fastex Bahamut utilizes a unique Proof of Stake and Activity consensus mechanism that rewards validators based on the actual smart contract usage and gas generated by their nodes.,https://ftnscan.com,EVM,ftn,5165,L1,blockchain
fetch-ai,Fetch.ai,Fetch.ai is an open access decentralized machine learning network with a crypto economy. It enables autonomous agents to perform tasks and exchange data across various industries.,https://explore.fetch.ai/,COSMOS,fet,fetchhub-4,L1,blockchain
filecoin,Filecoin,Filecoin has transitioned from a simple storage network into a programmable decentralized cloud through its FVM upgrade to support AI data pipelines and automated retrievals.,https://filfox.info/en,EVM,fil,314,L1,blockchain
flare,Flare,Flare operates as a data-centric blockchain that integrates enshrined oracles to provide smart contracts with trustless access to high-integrity information from other chains and the internet.,https://flarescan.com,EVM,flr,14,L1,blockchain
flow-evm,Flow EVM,Flow EVM represents a major network evolution that allows Ethereum-based decentralized applications to run seamlessly on Flow’s high-performance architecture while maintaining native consumer-scale benefits.,https://evm.flowscan.io/,EVM,flow,747,L1,blockchain
fraxtal,Fraxtal,Fraxtal is a modular Layer 2 blockchain built by the Frax Finance team using the OP Stack. It functions as an Ethereum rollup designed to provide a highly scalable environment for decentralized finance and smart contract applications.,https://fraxscan.com,EVM,frax,252,L2,blockchain
fusion,Fusion,Fusion is an interoperability blockchain and financial platform designed to connect different networks and organizations through smart contracts. The project uses a unique Hierarchical Hybrid Consensus Mechanism and Distributed Control Rights Management to enable seamless cross-chain asset transfers and complex financial services. Managed by the Fusion Foundation and founded by Dejun Qian the network aims to create an inclusive ecosystem for the digital exchange of value using its native FSN token for gas and transactions.,https://fsnscan.com,EVM,fsn,32659,L1,blockchain
gas,Gas,Gas is a modular Layer 2 blockchain built on top of Ethereum that focuses on providing high throughput and low latency for decentralized applications. It utilizes ZK-rollups to ensure security and scalability while maintaining compatibility with the Ethereum Virtual Machine.,https://explorer.gas.zip/,Neo N3,gas,4000003,L1,blockchain
genshiro,Genshiro,Genshiro is a decentralized finance platform on the Kusama blockchain serving as the canary network for Equilibrium. It provides an interoperable hub for lending margin trading and synthetic assets while enabling cross chain functionality. Users utilize the GENS token for governance transaction fees and liquidity rewards within its ecosystem.,https://bscscan.com/token/0x2cd14cba3f26254beed1d78158cd2b6f91809600,Kusama,gens,,Parachain,blockchain
gnosis,Gnosis,Gnosis Chain serves as a highly decentralized Ethereum sidechain that has become a primary hub for prediction markets and community-governed infrastructure projects.,https://gnosisscan.io,EVM,xdai,100,L1,blockchain
gunz,GUNZ,GUNZ is a specialized Avalanche subnet designed specifically for AAA gaming economies that supports millions of daily in-game transactions with zero downtime.,https://gunzscan.io,EVM,gun,43419,L1,blockchain
gunzilla,Gunzilla,GUNZ is a Layer 1 blockchain ecosystem developed by Gunzilla Games as an Avalanche Subnet to power AAA Web3 gaming. It features a play to own model where players can trade in game items as NFTs via the native GUN token. The network supports high performance titles like Off The Grid and provides developers with SDKs for seamless blockchain integration.,https://gunzscan.io,EVM,gun,43419,L1,blockchain
gxchain,GXChain,GXChain is a decentralized data exchange ecosystem designed to provide a secure and efficient platform for global data trading. It utilizes a delegated proof of stake consensus mechanism to support high performance and scalability for various applications.,https://wallet.gxb.io/#/block-browser,EVM,gxc,,L1,blockchain
haqq,HAQQ,HAQQ Network is a Shariah compliant Proof of Stake blockchain built with the Cosmos SDK and fully compatible with Ethereum. It powers the Islamic Coin utility token to provide ethical financial services like staking and DeFi while directing ten percent of new issuance to the Evergreen DAO for charitable projects. This decentralized system enables high throughput and interoperability with the broader Cosmos and Ethereum ecosystems through IBC and EVM support.,https://explorer.haqq.network,EVM,islm,0x2be3,L1,blockchain
hashkey,HashKey,HashKey Chain is an Ethereum Layer 2 network built with the ZK Stack to provide high performance and scalability within the HashKey Group ecosystem. It offers developers a secure and cost effective environment for building decentralized applications while leveraging institutional grade infrastructure.,https://hashkey.blockscout.com,EVM,hsk,177,L2,blockchain
hedera,Hedera,Hedera uses hashgraph consensus to provide a highly secure and sustainable network for enterprise use cases including a recently patented national road-use charging system.,https://hashscan.io/mainnet/transactions,HBAR,hbar,295,L1,blockchain
hedera-evm,Hedera EVM,Hedera EVM is an Ethereum Virtual Machine compatible execution environment built on the Hedera network. It enables developers to deploy and run Solidity smart contracts with the speed and security of the Hashgraph consensus algorithm.,https://hashscan.io/mainnet,EVM,hbar,295,L1,blockchain
helium,Helium,The Helium Network is a decentralized blockchain-powered wireless infrastructure designed to enable global connectivity for the Internet of Things (IoT) devices. Unlike traditional networks built and controlled by centralized corporations. Helium leverages blockchain technology and community incentives to create an open secure and scalable solution for connecting smart devices worldwide.,https://world.helium.com/en/network/mobile,SOL,hnt,,L1,blockchain
hemi,Hemi,Hemi is a modular Layer 2 network built on Bitcoin and Ethereum that integrates the security of Bitcoin with the programmability of Ethereum through the Hemi Virtual Machine. It features the Proof-of-Proof consensus mechanism to enable secure cross-chain interoperability and scaling for decentralized applications.,https://explorer.hemi.xyz/,EVM,hemi,43111,L2,blockchain
horizen,Horizen,Horizen is a zero knowledge enabled blockchain network that provides a scalable and secure ecosystem for decentralized applications and sidechains. It utilizes a unique sidechain protocol called Zendoo to allow developers to build custom blockchains while maintaining decentralization through a distributed node system.,https://gobi-explorer.horizen.io,EVM,zen,7332,L3,blockchain
ht-chain,HT Chain,HT Chain has transitioned into a more decentralized governance model under HTX DAO while maintaining its role as the primary ecosystem for HTX exchange users.,https://scan.hecochain.com/en-us,EVM,ht,128,L1,blockchain
humanity-protocol,Humanity Protocol,Humanity Protocol establishes a decentralized identity layer using palm-vein recognition technology to verify unique human users while protecting personal biometric data through zero-knowledge proofs.,https://humanity-mainnet.explorer.alchemy.com/https://humanity-mainnet.explorer.alchemy.com,EVM,hp,6985385,L2,blockchain
hydradx,HydraDX,HydraDX is a decentralized multi asset liquidity protocol built on Polkadot that enables efficient and frictionless trading through a single omnipool design. The network utilizes a substrate based architecture to provide high throughput and cross chain interoperability for various crypto assets.,https://hydradx.subscan.io,Substrate,hdx,222222,Parachain,blockchain
hyperevm,HyperEVM,HyperEVM operates as the Ethereum-compatible execution layer for the Hyperliquid network to enable developers to build decentralized applications that interact with a high-performance native order book.,https://hyperevmscan.io,EVM,hype,999,L1,blockchain
hyperliquid,Hyperliquid,Hyperliquid is a decentralized perpetual exchange built on its own high performance Layer 1 blockchain. It utilizes a proof of stake consensus mechanism and the Tendermint SDK to provide a fast and scalable trading experience for decentralized finance users.,https://hyperevmscan.io/,EVM,hype,999,L1,blockchain
icon,Icon,An interoperable blockchain network designed to connect diverse communities and allow independent blockchains to exchange data and value through a decentralized hub.,https://tracker.icon.community/,JVM,icx,0x1,L1,blockchain
immutable,Immutable,Immutable zkEVM has successfully merged with the original Immutable X infrastructure to create a single unified environment for high-scale Web3 gaming and gas-free NFT trading.,https://explorer.immutable.com/,EVM,imx,13371,L2,blockchain
initia,Initia,Initia functions as a modular orchestration layer that allows developers to launch interconnected application-specific rollups within a unified economic security framework.,https://scan.initia.xyz/interwoven-1/accounts,COSMOS,init,interwoven-1,L1,blockchain
injective,Injective,Injective remains a leading finance-optimized Layer 1 that recently upgraded its mainnet with dynamic gas fees and enhanced real-time Ethereum Virtual Machine capabilities.,https://explorer.injective.network/account,COSMOS,inj,1776,L1,blockchain
ink,Ink,A DeFi-focused Layer 2 blockchain launched by the Kraken exchange that leverages the OP Stack to provide institutional-grade liquidity and a simplified user experience for on-chain trading.,https://explorer.inkonchain.com/,EVM,eth,57073,L2,blockchain
interlay,Interlay,Interlay is a decentralized network and modular layer between Bitcoin and the multi-chain ecosystem designed to unlock financial use cases for BTC. It features a trustless bridge that allows users to create iBTC a one-to-one Bitcoin-backed asset for use in decentralized finance across various blockchains like Polkadot and Ethereum. The platform operates as a Polkadot parachain and provides a comprehensive DeFi hub with capabilities for swapping lending and borrowing while maintaining high security and transparency.,https://interlay.subscan.io/,Substrate,intr,2032,L1,blockchain
internet-computer,Internet Computer,A decentralized cloud computing platform designed to host smart contracts and web-scale applications directly on the public internet. It aims to replace traditional IT stacks by providing a secure and scalable environment for building tamperproof software and decentralized services.,https://dashboard.internetcomputer.org/,ICP,icp,,L1,blockchain
iost,IOST,IOST is a high-throughput smart contract platform designed for scalability and speed through its proof-of-believability consensus mechanism. It aims to provide the infrastructure for a decentralized economy by offering a secure and efficient environment for developers to build decentralized applications.,https://www.iostabc.com/,PoB,iost,1024,"L1, L2",blockchain
iota,IOTA L1,IOTA L1 utilizes the newly implemented Rebased protocol to support over 50000 transactions per second with sub-second finality for global enterprise and trade applications.,https://explorer.iota.org/,IOTA,iota,8822,L1,blockchain
iota-evm,IOTA EVM,IOTA EVM provides a fully compatible smart contract environment that anchors to the Tangle to allow Ethereum developers to leverage IOTA’s feeless data transport layer.,https://explorer.evm.iota.org,EVM,iota,8822,L2,blockchain
iotex,IoTex,IoTeX continues to lead the DePIN sector by integrating real-world device data with artificial intelligence while hardening its bridge security following recent infrastructure upgrades.,https://iotexscan.io,EVM,iotx,4689,L1,blockchain
juno,Juno,Juno is a decentralized interoperable network for smart contracts that serves as a sovereign layer 1 ecosystem within the Cosmos network. It enables developers to create and deploy scalable dApps using CosmWasm while providing a secure environment for cross-chain automation.,https://www.mintscan.io/juno,COSMOS,juno,juno-1,L1,blockchain
kadena,Kadena,A proof of work blockchain that combines a layer 1 public chain with a layer 2 private chain to provide high throughput and scalability for decentralized applications and enterprise solutions using the Pact smart contract language.,https://explorer.chainweb.com/,Chainweb,kda,0 to 19,L1,blockchain
kaia,Kaia,Kaia represents the successful strategic merger of the Klaytn and Finschia blockchains to form a dominant Web3 ecosystem across the Asian market.,https://kaiascan.io,EVM,kaia,8217,L1,blockchain
kaspa,Kaspa,Kaspa is a decentralized and open-source Layer 1 blockchain that utilizes a Proof of Work consensus mechanism and a blockDAG structure. This architecture allows for rapid block generation and near-instant transaction finality while maintaining high security and scalability.,https://explorer.kaspa.org/,UTXO,kas,104566,L1,blockchain
katana,Katana,The native decentralized exchange for the Ronin Network that facilitates near-instant and low-cost asset swaps for the world’s largest Web3 gaming communities.,https://katanascan.com/,EVM,eth,747474,L2,blockchain
kava,KAVA,KAVA serves as a hybrid Layer 1 combining the interoperability of Cosmos with the development flexibility of Ethereum under a newly established zero-inflation tokenomic model.,https://www.oklink.com/kava,EVM,kava,2222,L1,blockchain
kintsugi,Kintsugi,Kintsugi is a public testnet for the Ethereum Merge designed to allow developers and validators to test the transition from proof of work to proof of stake in a live environment. It serves as a critical sandbox for identifying bugs and ensuring network stability before the final mainnet upgrade.,https://polkadot.js.org/apps/?rpc=wss%3a%2f%2fapi-kusama.interlay.io%2fparachain#/explorer,Polkadot,kint,1337702,"L1, Parachain",blockchain
klaytn,Klaytn,Klaytn is an enterprise grade public blockchain platform developed by South Korean internet giant Kakao that focuses on the metaverse and gaming. It utilizes a hybrid design combining public and private blockchain features with an optimized Istanbul Byzantine Fault Tolerance consensus mechanism to achieve one second block finality and high transaction throughput. The network features a unique tiered architecture with consensus nodes and proxy nodes that allow businesses to operate customized service chains while maintaining high performance and scalability.,https://scope.klaytn.com,EVM,klay,8217,L1,blockchain
kujira,Kujira,A decentralized ecosystem and Layer 1 blockchain built on Cosmos that focuses on sustainable fintech solutions and community-governed protocols. It provides institutional-grade tools for retail users through a suite of interoperable applications designed to create a fair and sustainable yield environment.,https://finder.kujira.app/kaiyo-1,Cosmos,kuji,kaiyo-1,L1,blockchain
kusama,Kusama,Kusama maintains its status as the primary experimental canary network for Polkadot where developers deploy and test high-risk governance and parachain innovations.,https://assethub-kusama.subscan.io/null,DOT,ksm,420420418,L1,blockchain
lachain,LaChain,LaChain operates as a localized blockchain consortium specifically designed to facilitate stablecoin settlements and decentralized identity solutions across the Latin American region.,https://explorer.lachain.network,EVM,lac,274,L1,blockchain
lens,Lens,Lens is a decentralized social Layer 2 blockchain built on the ZK stack for SocialFi applications. It features modular social primitives and user ownership of data while utilizing GHO as the native gas token for low cost transactions. The network leverages Avail for data availability and ZKsync technology to provide a scalable environment for developers to build interoperable social media platforms.,https://explorer.lens.xyz,EVM,gho,232,L2,blockchain
linea,Linea,"A zkEVM network developed by Consensys that is transitioning in 2026 to a ""Type 1"" rollup for perfect Ethereum bytecode compatibility and significantly higher transaction throughput.",https://lineascan.build,EVM,eth,59144,L2,blockchain
lisk,Lisk,A veteran blockchain project that has successfully completed its migration to an Ethereum Layer 2 using the OP Stack to focus on real-world assets and decentralized physical infrastructure.,https://blockscout.lisk.com,EVM,eth,1135,L2,blockchain
litecoin,Litecoin,Litecoin is expanding its utility beyond simple payments through the launch of the LitVM testnet which introduces ZK-powered smart contracts to the network.,https://blockchair.com/litecoin,UTXO,ltc,None,L1,blockchain
lumia,Lumia,Lumia functions as a liquidity-focused Layer 2 network designed to aggregate deep market depth from centralized and decentralized sources for on-chain traders.,https://explorer.lumia.org/,EVM,lumia,994873017,L2,blockchain
manta,Manta,Manta Pacific functions as a modular Layer 2 utilizing Celestia for data availability to achieve significantly lower transaction costs for users.,https://pacific-explorer.manta.network,EVM,eth,169,L1 and L2,blockchain
mantle,Mantle,Mantle operates as a high-performance distribution layer that bridges centralized exchange liquidity with decentralized finance through its unique modular data availability design.,https://explorer.mantle.xyz,EVM,mnt,5000,L2,blockchain
mantra,MANTRA,MANTRA functions as a purpose-built Layer 1 blockchain designed specifically for the compliant issuance and trading of tokenized real-world assets like real estate and bonds.,https://explorer.mantrachain.io/MANTRA-1/account,COSMOS,om,mantra-1,L1,blockchain
megaeth,MegaETH,MegaETH is a high-performance real-time Layer 2 capable of processing 100000 transactions per second through specialized node architecture and parallel execution.,https://megaeth.blockscout.com,EVM,eth,4326,L2,blockchain
memento,Memento,Memento (formerly known as the Domani Protocol) is a decentralized finance (DeFi) project focused on asset management and the tokenization of Real World Assets (RWA). The project aims to bridge traditional finance (TradFi) and decentralized finance (DeFi) by providing institutional-grade infrastructure. It allows users ranging from individuals to fund managers to create and manage XTF funds. These are non-custodial tokenized portfolios (essentially on-chain ETFs) that can hold a variety of ERC-20 tokens.,https://mementoblockchain.com/,EVM,dextf,12052024,L2,blockchain
memento-chain,Memento Chain,Memento Chain is a high performance blockchain network designed for efficient data storage and decentralized applications. It provides a scalable infrastructure to support seamless on chain transactions and secure digital asset management.,https://test-explorer.mementoblockchain.com,EVM,dextf,2129,L2,blockchain
merlin,Merlin,Merlin Chain is a native Bitcoin Layer 2 solution that integrates ZK rollup technology decentralized oracles and on-chain fraud proof modules to enhance Bitcoin network scalability and security. It supports various Bitcoin protocols while aiming to empower decentralized applications and assets within the Bitcoin ecosystem.,https://scan.merlinchain.io,EVM,merl,4200,L2,blockchain
metal-l2,Metal L2,Metal L2 is a high-performance Layer 2 scaling solution built on the OP Stack that integrates with the Antelope framework to provide horizontal scalability and zero-fee transactions for decentralized applications and digital assets.,https://explorer.metall2.com,EVM,mtl,1750,L2,blockchain
metis,Metis,Metis has successfully pivoted its Layer 2 architecture to focus on decentralized artificial intelligence inference and high-throughput execution for on-chain agents.,https://metisscan.info/account,EVM,metis,1088,L2,blockchain
mezo,Mezo,A Bitcoin economic layer that uses a Proof of HODL consensus mechanism to enable users to earn yield while securing the network. It serves as a permissionless platform designed to scale the Bitcoin ecosystem through smart contract functionality and decentralized applications.,https://explorer.mezo.org,EVM,mats,31612,L2,blockchain
midnight,Midnight,Midnight is a next-generation privacy-focused blockchain developed by Input Output Global. It is designed as a sidechain/partner-chain to Cardano which specializing in data protection and selective disclosure.,https://www.midnightexplorer.com/,CARDANO,night,16661,L1,blockchain
mina,Mina,Mina Protocol is a lightweight proof of stake blockchain that uses zero knowledge proofs to maintain a constant size of 22 kilobytes. It enables users to verify the entire state of the network from any device without relying on third party intermediaries. This design facilitates high scalability and privacy through zero knowledge smart contracts known as zkApps.,https://minascan.io/,Non-EVM,mina,,L1,blockchain
mind,Mind,Mind Network is pioneering the Zero Trust Internet Transfer Protocol (HTTPZ) enabling quantum-resistant and fully encrypted internet data as well as AI computation through Fully Homomorphic Encryption. Mind Network serves as the trust and security foundation for the AI-Agent economy by enabling AI agents to operate autonomously and collaboratively in a decentralized Web3 ecosystem. Through Fully Homomorphic Encryption FHE that ensures data privacy secure transactions and decentralized consensus which allow AI agents to manage assets and execute smart contracts as well as  interact seamlessly without compromising security.,https://mainnet.mindscan.info/,EVM,mind,9996,Restaking Layer,blockchain
mind-network,Mind Network,Mind Network is a decentralized Zero Trust data layer that uses Fully Homomorphic Encryption and Stealth Address Protocols to secure data storage and computation across AI and Proof of Stake networks.,https://mainnet.mindscan.info,EVM,fhe,228,L2,blockchain
mint,Mint,Mint is an Ethereum Layer 2 blockchain designed for the NFT ecosystem to facilitate innovation and provide low gas fees for creators and developers.,https://explorer.mintchain.io,EVM,mint,185,L2,blockchain
mirasmanda,Mirasmanda,Mirasmanda focuses on enterprise-grade supply chain transparency and asset tracking by leveraging decentralized ledger technology to reduce manual errors in global logistics.,https://blockscout.evm.mirasmanda.uz/https://blockscout.evm.mirasmanda.uz/accounts,EVM,gas,1213549903,L1,blockchain
mixin,Mixin,Mixin is a decentralized peer-to-peer network and wallet platform designed for fast digital asset transactions with high throughput. It uses BFT-DAG technology to achieve high scalability and zero fees while supporting multiple blockchains for cross-chain transfers. The network suffered a major security breach in September 2023 involving a 200 million dollar loss from its cloud service provider database.,https://v2.viewblock.io/mixin,BFT-DAG,xin,73927,L2,blockchain
mode,Mode,Mode is an Ethereum Layer 2 network designed to encourage a cooperative on-chain economy through sequencer fee sharing and referral rewards. It uses the OP Stack to provide a scalable environment for developers and users to build and grow the decentralized finance ecosystem.,https://explorer.mode.network/,EVM,mode,34443,L2,blockchain
monad,Monad,Monad represents a new generation of ultra-high-speed blockchains that utilize parallel execution to achieve massive transaction throughput while remaining fully compatible with Ethereum.,https://monadscan.com,EVM,mon,143,L1,blockchain
monero,Monero,Monero is a privacy-focused layer 1 blockchain that provides total anonymity for users and transactions by default. It utilizes advanced cryptographic technologies such as ring signatures stealth addresses and RingCT to hide the sender recipient and transaction amount. Launched in 2014 the network uses the RandomX proof-of-work consensus algorithm which is designed to be resistant to specialized ASIC mining hardware.,https://xmrchain.net/,CryptoNote,xmr,418015bb9ae982a1975da7d79277c270,L1,blockchain
moonbeam,Moonbeam,Moonbeam serves as a primary parachain on Polkadot that offers an Ethereum-compatible environment for cross-chain applications to interact with the entire Polkadot ecosystem.,https://moonbeam.moonscan.io,EVM,glmr,1284,L1,blockchain
moonriver,Moonriver,Moonriver serves as the community-led parachain on Kusama that provides an easy-to-use development environment for early-stage decentralized applications entering the Polkadot ecosystem.,https://moonriver.moonscan.io/null,EVM,movr,1285,Parachain,blockchain
morph,Morph,Morph serves as a consumer-centric rollup combining optimistic and zero-knowledge technologies to facilitate everyday global payments and decentralized finance.,https://explorer.morphl2.io,EVM,eth,2818,L2,blockchain
multiversx,MultiversX,MultiversX is a highly scalable and secure blockchain platform designed for the metaverse and decentralized finance. It utilizes an innovative Adaptive State Sharding mechanism and a Secure Proof of Stake consensus to deliver fast transactions with low costs.,https://explorer.multiversx.com,Multiversx Multi Protocol,egld,1,L1,blockchain
nahmii,Nahmii,Nahmii provides an institutional-grade scaling protocol featuring instant finality and predictable fees designed for commercial-scale blockchain applications.,https://explorer.nahmii.io/,EVM,eth,4061,L2,blockchain
near-protocol,NEAR Protocol,NEAR Protocol has established itself as the primary home for user-owned artificial intelligence by integrating private cross-chain intents and advanced sharding technology.,https://explorer.near.org/accounts,NEAR,near,mainnet,L1,blockchain
nebulas,Nebulas,Nebulas describes itself as an autonomous metanet which focuses on on-chain data interactions and collaboration. Its hyper-mapped structural metadata can reportedly handle increasingly complex on-chain data and describe these interactions.,https://explorer.nebulas.io/#/,NVM,nas,1,L1,blockchain
nem,NEM,NEM continues to maintain its Smart Asset Blockchain architecture for enterprise data management while focusing on niche industrial use cases amid decreasing retail exchange liquidity.,https://explorer.nemtool.com/#/s_account?account=,XEM,xem,,L1,blockchain
neo,Neo,An open source blockchain platform that enables developers to automate and optimize the smart economy through digital assets and identities.,https://explorer.neo.org,dBFT,neo,47763,L1,blockchain
nero,NERO,NERO Chain functions as an emerging blockchain infrastructure designed to optimize the performance and security of decentralized physical infrastructure and gaming ecosystems.,https://neroscan.io/https://neroscan.io/accounts,EVM,nero,1689,L1,blockchain
neuroweb-network,NeuroWeb Network,NeuroWeb is a decentralized AI blockchain designed to incentivize knowledge creation and sharing through knowledge mining. It functions as a modular Layer 1 innovation hub for the OriginTrail Decentralized Knowledge Graph and is secured by the Polkadot network. The ecosystem uses the NEURO utility token to reward contributions and fuel a cross-chain knowledge economy compatible with both Ethereum and Polkadot.,https://neuroweb.subscan.io/,EVM,neuro,2043,L1,blockchain
neutron,Neutron,Neutron provides a secure cross-chain smart contract platform within the Cosmos ecosystem that allows developers to launch applications with interchain queries and transactions.,,COSMOS,ntrn,neutron-1,L1,blockchain
nillion,Nillion,Nillion is a decentralized network for secure computation and data privacy that uses Nil Message Compute to protect sensitive information without relying on traditional encryption. It enables developers to build private and scalable applications by distributing data across a network of nodes to ensure high security and confidentiality.,https://mintscan.io/nillion,Cosmos and Ethereum,nil,nillion-1,L1,blockchain
noble,Noble,Noble has transitioned from a Cosmos appchain to a standalone EVM Layer 1 to serve as a purpose-built liquidity hub for institutional stablecoin issuance.,https://www.mintscan.io/noble,COSMOS,usdc,noble-1,L1,blockchain
nomina,Nomina,Nomina functions as a unified perpetual futures trading platform that has recently rebranded from Omni Network to focus on institutional-grade decentralized derivatives.,https://mainnet.nomscan.io/,EVM,nom,166,L1,blockchain
nym,NYM,Nym is a decentralized privacy infrastructure project that utilizes a multi layered mixnet to protect network traffic and metadata from surveillance. It employs Sphinx packet encryption and zero knowledge credentials to enable anonymous communication and secure digital identities across various applications. The native NYM token incentivizes a global network of independent node operators while powering an economic model focused on sustainability and privacy preservation.,https://explorer.nymtech.net/,COSMOS,nym,nyx,L1,blockchain
oasis,Oasis,Oasis is a privacy focused Layer 1 blockchain network designed for open finance and a responsible data economy. It features a unique architecture that separates consensus from computation to enable high scalability and secure data processing.,https://explorer.oasis.io/mainnet/sapphire,EVM,rose,23294,L1,blockchain
oasys,Oasys,Oasys operates as a gaming-optimized blockchain featuring a multi-layered architecture that offers zero gas fees for players and high-speed execution for developers.,https://explorer.oasys.games,EVM,oas,248,L1,blockchain
omni,Omni,Omni is a modular Layer 1 blockchain and the first decentralized AI operating system designed to provide infinitely scalable data availability and storage for high-performance on-chain AI. The protocol integrates modular storage with verifiable inference and scalable execution to enable trustless and cost-efficient AI applications. Its architecture separates consensus from execution to achieve high throughput and sub-second finality while supporting various dApps across DeFi and gaming.,http://omniexplorer.info,EVM,omni,166,L2,blockchain
ontology,Ontology,Ontology is a high-performance open-source blockchain specializing in digital identity and data. It provides a decentralized infrastructure that allows businesses to build blockchain solutions with customizable features while ensuring data security and privacy.,https://explorer.ont.io,EVM,ont,58,L1,blockchain
optimism,Optimism,Optimism acts as the foundational governance and infrastructure layer for the Superchain ecosystem connecting multiple interoperable Layer 2 networks.,https://optimistic.etherscan.io,EVM,eth,10,L2,blockchain
osmosis,Osmosis,Osmosis remains the primary liquidity hub for the interchain ecosystem by providing advanced automated market maker features and seamless cross-chain asset swaps.,https://www.mintscan.io/osmosis/account,COSMOS,osmo,osmosis-1,L1,blockchain
pai,Pai,0G Labs is a modular Layer 1 blockchain and decentralized AI operating system designed for high performance on chain AI. It provides infinitely scalable data availability and storage to handle massive datasets and computational needs for artificial intelligence applications.,https://plian.org/,UTXO,pi,,L1,blockchain
pai-network,Pai Network,Pai Network is a decentralized AI operating system and modular Layer 1 blockchain designed to provide infinitely scalable data availability and storage for high performance on chain AI applications.,https://minepi.com/blockexplorer,SCP,pi,314159,L1,blockchain
payy-network,Payy Network,Payy Network is a blockchain protocol focused on simplifying digital payments and financial transactions through a user friendly infrastructure. It aims to bridge the gap between traditional finance and decentralized systems by providing fast and secure payment solutions for global users.,https://payy.network/,EVM,eth,,L2,blockchain
peaq,peaq,peaq serves as the leading Layer 1 for the decentralized physical infrastructure network sector by powering millions of real-world machines and autonomous devices.,https://peaq.subscan.io/account,EVM,peaq,3338,L1,blockchain
pharos,Pharos,Pharos Network is a high-performance EVM-compatible Layer 1 blockchain specifically engineered to scale the tokenization of Real-World Assets and bridge the gap between traditional finance and the decentralized economy. Built by a team of former leaders from Ant Group and Alibaba. the network utilizes a modular deep-parallel architecture—comprising L1-Base and L1-Core as well as L1-Extension layers—to achieve industry-leading speeds of up to 50k transactions per second with sub-second finality. Beyond performance Pharos integrates institutional-grade features such as zero-knowledge (ZK) based KYC/AML compliance and hardware-accelerated storage that reduces bloat by 80% as well as Special Processing Networks (SPNs) for tailored execution environments like decentralized AI and high-frequency trading.,https://atlantic.pharosscan.xyz/,EVM,phrs,688688,L1,blockchain
pi-network,Pi Network,Pi Network is a social cryptocurrency and developer platform as well as ecosystem designed for widespread accessibility and real-world utility. It enables users to mine and transact Pi using a mobile-friendly interface while supporting applications built within its blockchain ecosystem.,https://piscan.io/,SCP,pi,314159,L1,blockchain
picasso,Picasso,Picasso is a DeFi infrastructure Layer 1 protocol designed to solve cross-chain interoperability and security challenges. It extends the Inter-Blockchain Communication protocol to connect ecosystems like Solana Ethereum Cosmos and Polkadot. The network serves as a hub for secure asset transfers and introduces a generalized restaking layer to enhance blockchain security across multiple systems.,https://picasso.subscan.io/,COSMOS,pica,centauri-1,L1,blockchain
plasma,Plasma,Plasma operates as a stablecoin-native blockchain infrastructure that offers true zero-fee transfers for USDT to facilitate everyday global spending and merchant payments.,https://plasmascan.to,EVM,xpl,9745,L1,blockchain
plume,Plume,Plume acts as a dedicated RWAfi network that integrates built-in compliance and automated tokenization engines to bring institutional yield products onto the blockchain.,https://explorer.plume.org,EVM,plume,98866,L2,blockchain
pocket,Pocket,Pocket Network provides decentralized RPC infrastructure by incentivizing a global network of nodes to provide reliable data access for thousands of different blockchains.,https://poktscan.com/,COSMOS,pokt,,L1,blockchain
poket,Poket,Pocket Network is a decentralized blockchain data platform that provides RPC access to various networks through a global group of nodes. It uses a proof of stake consensus mechanism to coordinate and incentivize node runners to provide high quality data relay services for decentralized applications.,https://explorer.pokt.network,COSMOS,pokt,,L1,blockchain
polkadot-relay-chain,Polkadot Relay Chain,"The central coordination hub of the Polkadot network that is undergoing a massive ""2026 Issuance Reduction"" and ""Dynamic Allocation Pool"" upgrade to transition DOT into a deflationary model.",https://polkadot.subscan.io/,DOT,dot,,L0,blockchain
polygon,Polygon,Polygon continues to evolve into a massive aggregated network of ZK-rollups that share liquidity and security through the unified AggLayer architecture.,https://polygonscan.com,EVM,pol,137,L2,blockchain
polygon-zkevm,Polygon zkEVM,Polygon zkEVM provides a zero-knowledge rollup environment for Ethereum smart contracts while transitioning its core focus toward the broader AggLayer architecture.,https://zkevm.polygonscan.com,EVM,eth,1101,L2,blockchain
polymesh,Polymesh,Polymesh is an institutional grade permissioned blockchain built specifically for regulated assets. It streamlines compliance processes and addresses gaps in security transparency and settlement to enable the creation and management of digital securities.,https://polymesh.subscan.io/,Substrate,polyx,16661,L1,blockchain
primer,Primer,Primer is a modular Layer 1 blockchain and decentralized AI operating system providing scalable data availability and storage for high performance on-chain AI.,https://primer.ai/,UTXO,NULL,,L1,blockchain
provenance,Provenance,Provenance Blockchain acts as a leading ledger for the financial services industry to facilitate the seamless origination and exchange of tokenized real-world assets like mortgages.,https://explorer.provenance.io/accounts,COSMOS,hash,pio-mainnet-1,L1,blockchain
qtum,Qtum,Qtum is a decentralized hybrid blockchain that combines the security of Bitcoins UTXO model with the smart contract flexibility of the Ethereum Virtual Machine. It uses a proof of stake consensus mechanism to enable energy efficient transactions and features an Account Abstraction Layer to bridge the two architectures. The network supports on chain governance through its Decentralized Governance Protocol and aims to provide a scalable platform for decentralized applications and enterprise solutions.,https://qtum.info/,"EVM, UTXO",qtum,81720,L1,blockchain
redbelly,Redbelly,Redbelly functions as a high-performance accountable blockchain designed for regulated financial markets and the trustless exchange of high-value real-world assets.,https://redbelly.routescan.io,EVM,rbnt,151,L1,blockchain
reddcoin,ReddCoin,ReddCoin is a cryptocurrency that operates on its own decentralized blockchain and is designed for social payments and tipping as well as micro-transactions. The network enables fast and low-cost value transfers intended for everyday digital interactions. ReddCoin uses a Proof-of-Stake-Velocity PoSVconsensus mechanism which secures the network through staking while encouraging active participation. The blockchain produces blocks at regular intervals and has been operating continuously since its launch in 2014.,https://bitinfocharts.com/reddcoin/explorer/,UTXO,rdd,,L1,blockchain
ripple,Ripple,Ripple utilizes the XRP Ledger to provide institutional-grade liquidity solutions and real-time gross settlement for cross-border payments between major global banking institutions.,https://bithomp.com/explorer,XRP,xrp,1440000,L1,blockchain
ripple-evm,Ripple EVM,Ripple EVM is an Ethereum-compatible sidechain designed to bring smart contracts and decentralized finance (DeFi) capabilities to the XRP Ledger ecosystem by allowing developers to use familiar Ethereum tools while settling transactions via the XRP Ledger.,https://explorer.xrplevm.org/,EVM,xrp,1440000,Sidechain,blockchain
robonomics,Robonomics,Robonomics is an open source platform for Internet of Things applications that connects user devices to the Polkadot and Ethereum ecosystems. It enables the exchange of technical and economic information between human-robot systems and digital services through decentralized protocols.,https://robonomics.subscan.io/,"EVM, Polkadot, Kusama",xrt,2048,"L1, Parachain",blockchain
ronin,Ronin,Ronin serves as a premier sidechain for the gaming industry that powers massive play-to-earn ecosystems while offering low-cost transactions and specialized NFT infrastructure.,https://explorer.roninchain.com,EVM,ron,2020,L1,blockchain
rootstock,Rootstock,Rootstock remains the premier Bitcoin sidechain that brings Ethereum-compatible smart contract functionality to the world’s most secure decentralized network.,https://explorer.rsk.co/null,EVM,rbtc,30,L2,blockchain
saga,Saga,Saga operates as a specialized Layer 1 protocol that allows developers to automatically spin up dedicated and parallelized blockchain environments called Chainlets for their applications.,https://staking-explorer.com/explorer/saga,COSMOS,saga,5464,L1,blockchain
scroll,Scroll,Scroll maintains a bytecode-equivalent zero-knowledge rollup that ensures a seamless developer experience while inheriting the full security of Ethereum.,https://scrollscan.com,EVM,eth,534352,L2,blockchain
secret,Secret,Secret Network is a privacy-focused layer-1 blockchain built on the Cosmos SDK that enables programmable privacy for smart contracts and decentralized applications. By utilizing Trusted Execution Environments and encryption the network ensures that smart contract inputs outputs and state remain confidential while maintaining a transparent underlying ledger. Powered by the SCRT utility token it supports secure use cases in finance gaming and artificial intelligence through interoperable confidential computing.,https://secretnodes.com/,COSMOS,scrt,secret-4,L1,blockchain
sei,Sei,Sei remains a leading sector-specific Layer 1 blockchain that utilizes parallelized execution to provide ultra-fast trading infrastructure for decentralized exchanges and high-frequency finance.,https://seitrace.com,EVM,sei,1329,L1,blockchain
shape,Shape,Shape is a Layer 2 blockchain built on the Superchain and powered by the OP Stack designed specifically for creators to facilitate the discovery and distribution of digital culture. This network provides a scalable and cost effective environment for artists and innovators to build and interact with decentralized applications focused on creative expression.,https://shapescan.xyz,EVM,NULL,360,L2,blockchain
shibarium,Shibarium,Shibarium is a Layer 2 blockchain built on Ethereum designed to enhance the Shiba Inu ecosystem by providing faster transactions and significantly lower gas fees. It utilizes a Proof of Stake consensus mechanism and supports decentralized applications across DeFi gaming and NFTs while incorporating a burn mechanism to reduce SHIB supply.,https://www.shibariumscan.io,EVM,bone,109,L2,blockchain
shiden,Shiden,Shiden Network is a multi chain decentralized application layer on the Kusama Network that supports Ethereum Virtual Machine and WebAssembly smart contracts. It serves as a research and development hub for the Astar ecosystem while providing a scalable platform for developers to build innovative cross chain solutions.,https://shiden.subscan.io,EVM,sdn,336,"L1, Parachain",blockchain
shimmer,Shimmer,Shimmer serves as the staging network for the IOTA ecosystem that allows for the rapid deployment and testing of advanced smart contracts and tokenization features.,https://explorer.evm.shimmer.network,EVM,smr,148,L1,blockchain
signum,Signum,Signum brings a powerful blockchain solution to the world in the most sustainable way. Signum provides a digital currency called Signa that is distributed traded and stored using a decentralized ledger system. There are no intermediaries or payment gateways nor banks. But Signum is so much more than a digital currency. It has the power to feature unstoppable and censorship-resistant decentralized applications. Anyone can create digital assets that can be used in ways only limited by our imagination.,https://explorer.signum.network/,PoC+,signa,,L1,blockchain
smartbch,SmartBCH,A sidechain for Bitcoin Cash designed to explore decentralized finance by providing an EVM-compatible environment that uses $BCH as its native gas token.,https://www.smartscan.cash,EVM,bch,10000,Sidechain,blockchain
solana,Solana,Solana continues to dominate the high-throughput blockchain sector by supporting a massive ecosystem of decentralized physical infrastructure and consumer-facing mobile applications.,https://explorer.solana.com,SOL,sol,4sGjMW1sUnHzSxGspuhpqLDx6wiyjNtZ,L1,blockchain
sologenic,Sologenic,Sologenic is a decentralized ecosystem built on the XRP Ledger that facilitates the investing and trading of tokenized assets including stocks and ETFs alongside cryptocurrencies. It utilizes its native SOLO token for liquidity and provides a high performance decentralized exchange for seamless asset integration.,https://xrpscan.com/account/rsoLo2S1kiGeCcn6hCUXVrCpGMWLrRrLZz,XRPL,solo,,L1,blockchain
somnia,Somnia,Somnia provides a high-performance Layer 1 architecture specifically optimized for real-time metaverse experiences and large-scale social interactions involving millions of concurrent users.,https://mainnet.somnia.w3us.site,EVM,somi,5031,L1,blockchain
soneium,Soneium,Soneium is the official Sony Block Solutions Labs Layer 2 designed to bridge mainstream entertainment and gaming audiences into the Web3 world.,https://soneium.blockscout.com,EVM,eth,1868,L2,blockchain
songbird-canary-network,Songbird Canary-Network,Songbird Canary-Network acts as the live testing environment for the Flare ecosystem where new governance features and oracle protocols undergo rigorous real-world stress testing.,https://songbird-explorer.flare.network/null,EVM,sgb,19,L1,blockchain
sonic,Sonic,Sonic represents the high-performance evolution of the Fantom network capable of achieving ten thousand transactions per second with sub-second finality through its new virtual machine.,https://explorer.soniclabs.com,EVM,s,146,L1,blockchain
sophon,Sophon,Sophon functions as a modular entertainment-focused chain built on the ZK Stack to offer users a seamless lifestyle experience through gamified payments and identity.,https://explorer.sophon.xyz/,EVM,soph,50104,L2,blockchain
stable,Stable,Stable refers to an emerging class of institutional blockchains focused specifically on the regulated issuance and high-velocity movement of fiat-backed stablecoins and deposit tokens.,https://stablescan.xyz/,EVM,gusdt,988,L1,blockchain
stacks,Stacks,A Bitcoin Layer 2 solution that enables smart contracts and decentralized applications to settle on the Bitcoin blockchain. It utilizes a Proof of Transfer consensus mechanism to leverage Bitcoins security while providing scalability and functionality for DeFi and NFTs.,https://explorer.hiro.so/,Stacks,stx,1700,L2,blockchain
starknet,Starknet,Starknet is a decentralized Validity-Rollup that operates as an Ethereum Layer 2 network. It uses ZK-STARK technology to provide high scalability and low transaction costs while maintaining Ethereum security.,https://starkscan.co/,STARK-based ZK-Rollup,strk,0x534e5f4d41494e,L2,blockchain
steem,Steem,Steem is a social-first Layer 1 blockchain designed for decentralized content sharing and social media applications. It uses a Delegated Proof-of-Stake consensus mechanism with witnesses to provide three-second block times and zero transaction fees. The ecosystem features three native tokens including STEEM and Steem Power plus the Steem Dollar stablecoin to reward creators and curators.,https://steemdb.io/,Graphene,steem,,L1,blockchain
stellar,Stellar,Stellar remains a leading global payment rail that is currently integrating advanced zero-knowledge privacy features to support regulated institutional financial flows and remittances.,https://stellar.expert/explorer/public/account,XLM,xlm,pubnet,L1,blockchain
story,Story,Story is a Layer 1 blockchain designed as an IP World Layer to tokenize and manage intellectual property. It enables creators to register their work as programmable assets for licensing and monetization.,https://www.storyscan.io,EVM,ip,1514,L1,blockchain
stride,Stride,Stride is a specialized Layer 1 blockchain within the Cosmos ecosystem dedicated to liquid staking. It allows users to stake their assets from various IBC compatible chains to earn rewards while receiving liquid tokens for use in decentralized finance applications.,https://stride.explorers.guru/,Cosmos,strd,stride-1,Appchain,blockchain
sui,SUI,Sui utilizes an object-centric data model and parallel transaction processing to deliver a highly scalable environment for decentralized gaming and real-time asset management.,https://suivision.xyz/account,SUI,sui,35834a8a,L1,blockchain
tac-protocol,TAC Protocol,TAC Protocol acts as a dedicated EVM-compatible transition layer that connects the mature Ethereum decentralized finance ecosystem directly into the massive Telegram user base.,https://explorer.tac.build,EVM,tac,239,L1,blockchain
telos-evm,Telos EVM,Telos EVM provides a high-performance smart contract environment featuring half-second block times and a robust privacy layer designed for scalable decentralized applications.,https://www.teloscan.io,EVM,tlos,40,L1,blockchain
tempo,Tempo,Tempo is a purpose-built L1 blockchain for payments and developed in partnership with leading fintechs and Fortune 500s. Tempo enables high-throughput low-cost global transactions for any use case.,https://explore.tempo.xyz/,EVM,tempo,42431,L1,blockchain
terra-2,Terra 2.0,Terra 2.0 functions as a community-led ecosystem focused on decentralized application migration and governance rebuilding following the original protocol collapse.,https://www.mintscan.io/terra,TERRA,luna,phoenix-1,L1,blockchain
terra-2.0,Terra 2.0,Terra 2.0 is a decentralized open-source public blockchain protocol launched in May 2022 following the collapse of the original Terra ecosystem and its algorithmic stablecoin. This community-governed network operates as a Layer 1 platform built with the Cosmos SDK and focuses on decentralized applications and staking without using any stablecoin mechanism. The native token LUNA is used for network security through staking and grants holders voting rights to direct the future of the ecosystem.,https://finder.terra.money/,COSMOS,luna,phoenix-1,L1,blockchain
terra-classic,Terra Classic,Terra Classic maintains a highly active community-driven network that implements frequent token burns and software upgrades to manage its hyperinflationary legacy supply.,https://finder.terra.money/classic,TERRA,lunc,2,L1,blockchain
tezos,Tezos,Tezos successfully activated the Tallinn protocol upgrade in early 2026 to reduce block times to six seconds while significantly lowering storage costs for developers.,https://tzkt.io/tokens,XTZ,xtz,,L1,blockchain
theta-network,Theta Network,Theta Network is a decentralized blockchain platform designed for video streaming AI computing and media applications by leveraging a global peer-to-peer network of user-shared resources. It utilizes a dual-layer architecture consisting of the Theta Blockchain for governance and staking and the Theta Edge Network for distributed storage and computing power. The ecosystem operates on a two-token economy where THETA is used for network security and TFUEL serves as the operational fuel for transactions and rewards.,https://explorer.thetatoken.org/,EVM,theta,361,L1,blockchain
thorchain,THORChain,THORChain functions as a decentralized liquidity protocol that enables native asset swaps across different blockchains without the need for wrapped tokens or central intermediaries.,https://viewblock.io/thorchain,COSMOS,rune,thorchain-1,L1,blockchain
tokenex,TokenEX,TokenEX operates as a specialized enterprise platform focused on the secure tokenization of sensitive payment data and compliance management for large-scale financial institutions.,https://scan.tokenx.finance,EVM,tkx,7777,L1,blockchain
ton,TON,The Open Network leverages its deep integration with Telegram to onboard millions of mainstream users into a sharded blockchain ecosystem for payments and decentralized storage.,https://tonviewer.com,TON,ton,1100,L1,blockchain
tron,TRON,TRON remains a dominant global settlement layer for stablecoins while recently upgrading its protocol to support advanced artificial intelligence and decentralized infrastructure integrations.,https://tronscan.org/#,TRX,trx,0x2b6653dc,L1,blockchain
tx,TX,TX is a decentralized blockchain network designed to provide high-speed transactions and scalable infrastructure for decentralized applications and digital assets.,https://tronscan.org/,EVM,tx,,L1,blockchain
unichain,Unichain,Unichain is a DeFi-native blockchain built by Uniswap Labs to provide sub-second swap speeds and optimized liquidity across multiple chains.,http://uniscan.xyz,EVM,eth,130,L2,blockchain
vaulta,Vaulta,Vaulta is a high performance Layer 1 blockchain designed to provide decentralized infrastructure for data storage and artificial intelligence applications. It utilizes a modular architecture to ensure scalability and security for on chain data processing.,https://unicove.com/en/vaulta/account/core.vaulta,EVM,a,17777,L1,blockchain
velas,Velas,Velas utilizes a hybrid consensus mechanism combining Proof of Stake with Proof of History to deliver an ultra-fast and carbon-neutral smart contract platform.,https://explorer.velas.com,EVM,vlx,106,L1,blockchain
viction,Viction,Viction operates as a community-centric blockchain that incentivizes meaningful on-chain participation through its recurring Retrodrop programs and decentralized governance model.,https://www.vicscan.xyz,EVM,vic,88,L1,blockchain
wemix,WEMIX,WEMIX functions as a global gaming-focused blockchain ecosystem that integrates native stablecoin support to power sophisticated play-and-earn economies for major studio titles.,https://scan.wemix.com/,EVM,wemix,1111,L1,blockchain
wirex-pay,Wirex Pay,Wirex Pay Mainnet is a decentralized payment network built on a ZK-powered Layer 2 infrastructure designed to integrate traditional finance with blockchain technology. It enables non-custodial transactions and seamless crypto spending through a global card network.,https://blockscout.wirexpaychain.com,EVM,wpay,31415,L1,blockchain
worldchain,Worldchain,Worldchain operates as an identity-focused network that prioritizes verified human users over automated bots to ensure fair access to blockspace.,https://worldchain-mainnet.explorer.alchemy.com,EVM,eth,480,L2,blockchain
worldmobile-chain,WorldMobile Chain,WorldMobile Chain utilizes a decentralized physical infrastructure network to provide global telecommunications connectivity through a sharing economy powered by AirNodes.,https://explorer.worldmobile.io/,EVM,wmtx,869,L3,blockchain
x-layer,X Layer,X Layer is a ZK powered Layer 2 network developed by OKX using the Polygon CDK. It bridges the OKX exchange ecosystem with Ethereum to facilitate global on chain participation and scalability.,https://www.oklink.com/xlayer,EVM,okb,196,L2,blockchain
xai-chain,Xai Chain,Xai Chain is the first Layer 3 blockchain in the Arbitrum ecosystem specifically designed to enable real economies and open trade in next generation video games. It allows traditional gamers to own and trade valuable in-game items without needing to interact with crypto wallets while offering a decentralized network for high-performance gaming applications.,https://explorer.xai-chain.net,EVM,xai,660279,L3,blockchain
xdb-chain,XDB Chain,XDB Chain operates as a high-speed protocol optimized for the consumer points economy to bridge traditional brand loyalty programs with decentralized blockchain assets.,https://explorer.xdbchain.com,XDB,xdb,,L1,blockchain
xdc-network,XDC Network,XDC Network functions as an enterprise-grade Layer 1 specifically designed to bridge the global trade finance gap through the compliant tokenization of real-world assets.,https://explorer.xinfin.network/null,EVM,xdc,50,L1,blockchain
xion,Xion,Xion represents the first Layer 1 blockchain built for mainstream consumer adoption by utilizing generalized abstraction to remove the complexities of wallets and gas fees.,https://www.mintscan.io/xion,COSMOS,xion,xion-mainnet-1,L1,blockchain
zcash,ZCash,Zcash is navigating a post-halving landscape in 2026 with a focus on scaling shielded transaction volume through the implementation of the new Ztarknet layer.,https://blockchair.com/zcash,UTXO,zec,,L1,blockchain
zenith,Zenith,Zenith operates as a cross-chain interoperability network designed to facilitate the seamless transfer of digital assets and cross-border payments between different blockchain ecosystems.,https://explorer.creatachain.com/,COSMOS,zth,79,L1,blockchain
zigchain,Zigchain,Zigchain functions as a specialized Cosmos-based network that has secured major institutional partnerships to tokenize over 300 million dollars in real-world sports and entertainment assets.,https://staking-explorer.com/explorer/zigchain,COSMOS,zigchain,zigchain-1,L1,blockchain
zilliqa,Zilliqa,Zilliqa EVM has transitioned to a full Proof of Stake model following a major 2026 hard fork that aligns the network with modern Ethereum Virtual Machine standards.,https://evmx.zilliqa.com,EVM,zil,32769,L1,blockchain
zircuit,Zircuit,Zircuit integrates artificial intelligence directly into its sequencer level to provide enhanced security and proactive protection against malicious on-chain transactions.,https://explorer.zircuit.com/,EVM,eth,48900,L2,blockchain
zkcloud,ZkCloud,ZkCloud is a privacy focused blockchain network utilizing zero knowledge proofs to enable secure and scalable decentralized applications. It provides a robust infrastructure for developers to build confidential smart contracts and maintain user anonymity within its ecosystem.,https://zkcloud.com/,COSMOS,proof,zkcloud-1,L1,blockchain
zksync,ZKsync,ZKsync is a Layer 2 scaling solution for Ethereum that uses zero-knowledge rollup technology to provide low costs and high security. It aims to scale Ethereum while maintaining decentralization and user privacy through efficient cryptographic proofs.,https://explorer.zksync.io,EVM,zk,324,L2,blockchain
zora,Zora,Zora is a decentralized Layer 2 network built on the OP Stack that focuses on the creator economy by enabling the tokenization of media and social engagement. The protocol allows users to mint NFTs and transform posts into tradable content coins to facilitate direct monetization and onchain ownership. By providing low cost infrastructure and protocol level incentives Zora empowers artists to capture value from their work through secondary sales and referral rewards.,https://explorer.zora.energy,EVM,zora,7777777,L2,blockchain